{
  "cloudantNoSQLDB": [
    {
      "credentials": {
        "username": "d8802dd0-8702-4bc0-aa88-55ae18ec81cc-bluemix",
        "password": "4c4af8a18241086727a4cf7fbfd2b51f7129ea5b03f51339bac025dbbe29a504",
        "host": "d8802dd0-8702-4bc0-aa88-55ae18ec81cc-bluemix.cloudant.com",
        "port": 443,
        "url": "https://d8802dd0-8702-4bc0-aa88-55ae18ec81cc-bluemix:4c4af8a18241086727a4cf7fbfd2b51f7129ea5b03f51339bac025dbbe29a504@d8802dd0-8702-4bc0-aa88-55ae18ec81cc-bluemix.cloudant.com"
      },
      "syslog_drain_url": null,
      "volume_mounts": [],
      "label": "cloudantNoSQLDB",
      "provider": null,
      "plan": "Lite",
      "name": "DMESARecruitDev-cloudantNoSQLDB",
      "tags": [
        "data_management",
        "ibm_created",
        "lite",
        "ibm_dedicated_public"
      ]
    }
  ]
}